Vg_V,Cgg_F_per_um,,,,,,
-1,2.97E-15,,,,,,
-0.9,2.92E-15,,,,,,
-0.8,2.79E-15,,Gate voltage [V],,Cgg [fF/um],,데이터 특징
-0.7,2.61E-15,,-1.0,,2.973,,음의 게이트 전압에서 큰 정전용량
-0.6,2.35E-15,,0.2,,0.526,,계산한 전압점 중 최솟값
-0.5,1.96E-15,,0.6,,1.971,,최솟점 이후 정전용량 증가
-0.4,1.46E-15,,2.0,,3.288,,양의 큰 게이트 전압에서 높은 값으로 접근
-0.3,1.01E-15,,,,,,
-0.2,7.46E-16,,,,,,
-0.1,6.25E-16,,,,,,
0,5.68E-16,,,,,,
0.1,5.38E-16,,,,,,
0.2,5.26E-16,,,,,,
0.3,5.39E-16,,,,,,
0.4,6.46E-16,,,,,,
0.5,1.14E-15,,,,,,
0.6,1.97E-15,,,,,,
0.7,2.58E-15,,,,,,
0.8,2.85E-15,,,,,,
0.9,2.99E-15,,,,,,
1,3.07E-15,,,,,,
1.1,3.13E-15,,,,,,
1.2,3.17E-15,,,,,,
1.3,3.20E-15,,,,,,
1.4,3.22E-15,,,,,,
1.5,3.24E-15,,,,,,
1.6,3.25E-15,,,,,,
1.7,3.27E-15,,,,,,
1.8,3.28E-15,,,,,,
1.9,3.28E-15,,,,,,
2,3.29E-15,,,,,,
