Vg_V,Id_A_per_um,Is_A_per_um,Ib_A_per_um,current_balance_A_per_um,relative_current_balance
0.0,3.870204493816052e-15,-3.867296298859172e-15,-2.9081949568808677e-18,-5.8509751710484225e-31,1.5118000044693543e-16
0.02,7.545622592226644e-15,-7.542683941053317e-15,-2.938651173333448e-18,-5.9449605523345196e-30,7.878687914313265e-16
0.04,1.4763694348295525e-14,-1.4760720907708788e-14,-2.9734405867375324e-18,-6.401791135143172e-31,4.336171546305591e-17
0.06,2.8976047294990874e-14,-2.897303804212059e-14,-3.009252870278651e-18,6.899451432772834e-30,2.381087855956651e-16
0.08,5.702623828271183e-14,-5.702319699722608e-14,-3.0412854857516385e-18,-5.10140323669291e-30,8.945712342803191e-17
0.1,1.1250642912069079e-13,-1.1250336368579085e-13,-3.0654348999369764e-18,1.1304053215586442e-29,1.004747311236771e-16
0.12,2.2245508124487011e-13,-2.2245200102217374e-13,-3.0802226963190427e-18,4.9343480733167615e-29,2.2181323284250892e-16
0.14,4.4073700155248577e-13,-4.407339145875653e-13,-3.0869649204088558e-18,7.590860282807851e-29,1.722310642416957e-16
0.16,8.748017255850005e-13,-8.747986372472215e-13,-3.0883377789514853e-18,7.938529156368635e-29,9.074661062265228e-17
0.18,1.7392491164510298e-12,-1.7392460296192615e-12,-3.086831768661377e-18,-3.7483642654229904e-28,2.1551623801147e-16
0.2,3.4631512222892683e-12,-3.463148138178492e-12,-3.0841107767240053e-18,-4.832058082110467e-28,1.3952778183669097e-16
0.22,6.905238696998386e-12,-6.905235615911563e-12,-3.0810868220111377e-18,1.2261213434927677e-27,1.7756393331134896e-16
0.24,1.3785625150677669e-11,-1.3785622072482983e-11,-3.0781946843493128e-18,1.2347633763392221e-27,8.956890694786693e-17
0.26,2.7552348682532404e-11,-2.7552345606917806e-11,-3.0756145935679312e-18,4.2100797769425866e-27,1.5280293616535444e-16
0.28,5.5121027722410625e-11,-5.512102464900548e-11,-3.0734051409281765e-18,5.734917091855692e-27,1.0404227440636126e-16
0.3,1.103669078127544e-10,-1.1036690474118122e-10,-3.0715731961624144e-18,-1.5449229923775157e-26,1.3998063577160208e-16
0.32,2.2112973461896214e-10,-2.211297315488529e-10,-3.07010922876062e-18,2.3214104525220206e-26,1.0497957031975548e-16
0.34,4.432422429055659e-10,-4.432422398365599e-10,-3.0690061064854764e-18,-8.080335031506477e-26,1.8230065299141664e-16
0.36,8.885304799570248e-10,-8.885304768887521e-10,-3.0682726315966388e-18,-4.925117476279302e-27,5.542992150947386e-18
0.38,1.7803347510702826e-09,-1.7803347480023349e-09,-3.0679480458909175e-18,-2.9440497638098335e-25,1.653649552164255e-16
0.4,3.562210081642114e-09,-3.5622100785739867e-09,-3.068127216788197e-18,2.3968582111292863e-25,6.728570623842539e-17
0.42,7.1056005160944045e-09,-7.105600513025407e-09,-3.0689968010896618e-18,4.357984559916938e-25,6.133168547888343e-17
0.44,1.4088303622189156e-08,-1.4088303619118264e-08,-3.0708922965846908e-18,-8.160938265759555e-25,5.792704703571288e-17
0.46,2.7623236146245715e-08,-2.7623236143171363e-08,-3.074352527380579e-18,-1.2320679295299753e-25,4.460259192684874e-18
0.48,5.312115041649797e-08,-5.3121150413417873e-08,-3.0801054081903887e-18,-9.06184303439021e-24,1.7058823017462082e-16
0.5,9.901169186817458e-08,-9.901169186508569e-08,-3.088870576102782e-18,2.0354517236100957e-23,2.0557690563657088e-16
0.52,1.763349059757522e-07,-1.763349059726513e-07,-3.1008868023155675e-18,2.140824362098718e-23,1.2140672603943218e-16
0.54,2.9616215184234324e-07,-2.961621518392278e-07,-3.1154389164293212e-18,1.2031311988126185e-24,4.06240700011217e-18
0.56,4.6553987998175905e-07,-4.6553987997862815e-07,-3.1309638473691825e-18,-6.537652127151063e-23,1.4043162376136763e-16
0.58,6.849162443401879e-07,-6.849162443370421e-07,-3.1458084253621103e-18,-3.393837804561228e-23,4.9551136107607905e-17
0.6,9.491082466340724e-07,-9.491082466309135e-07,-3.158925943989648e-18,-2.2446323141640968e-23,2.364990844958396e-17
0.62,1.2503929564678345e-06,-1.2503929564646645e-06,-3.1699901687561004e-18,3.063634311865742e-23,2.450137211681064e-17
0.64,1.5811208118767951e-06,-1.581120811873616e-06,-3.1791276490755735e-18,-1.239793370715809e-24,7.841231115313514e-19
0.66,1.934892898130788e-06,-1.9348928981276015e-06,-3.1866383054215845e-18,-1.0035785090666822e-22,5.186739328239789e-17
0.68,2.3067365497652233e-06,-2.306736549762031e-06,-3.1928386147330488e-18,-3.7143653159080325e-22,1.6102251972753784e-16
0.7,2.6928846063417324e-06,-2.6928846063385344e-06,-3.1980019723952802e-18,-2.9080036669283826e-23,1.0798842475760178e-17
0.72,3.090486092425464e-06,-3.090486092422262e-06,-3.202346845526201e-18,-1.3878843131849533e-22,4.4908285353121233e-17
0.74,3.4973607593949353e-06,-3.4973607593917297e-06,-3.2060424495524246e-18,-4.462606685249982e-22,1.2759926676886601e-16
0.76,3.911816175185506e-06,-3.911816175182296e-06,-3.209218595693401e-18,1.892414531428142e-22,4.837687781528743e-17
0.78,4.332517505181481e-06,-4.332517505178268e-06,-3.2119749651077926e-18,8.210038277686057e-22,1.8949809822735277e-16
0.8,4.758395827195872e-06,-4.758395827192658e-06,-3.21438858368136e-18,1.0145114870967594e-22,2.1320451764405065e-17
0.82,5.188583251488574e-06,-5.188583251485358e-06,-3.216519496471332e-18,-3.353957467534729e-22,6.464110345675765e-17
0.84,5.622366423709687e-06,-5.622366423706468e-06,-3.218414973644428e-18,3.1022592191320402e-22,5.51771084511625e-17
0.86,6.059152666460367e-06,-6.059152666457147e-06,-3.2201126051367175e-18,3.06660324132413e-22,5.061109052919072e-17
0.88,6.49844490419185e-06,-6.498444904188629e-06,-3.2216425800325657e-18,-3.762816244615331e-22,5.790333379895411e-17
0.9,6.939822782783263e-06,-6.939822782780041e-06,-3.2230293746274972e-18,-9.160432721387508e-22,1.3199807845400995e-16
0.92,7.382928230058368e-06,-7.382928230055145e-06,-3.2242930123065623e-18,-4.856150566952579e-22,6.577539989054164e-17
0.94,7.82745425326509e-06,-7.827454253261867e-06,-3.225450012235311e-18,-1.6426149854437857e-21,2.0985302913250455e-16
0.96,8.273136134183614e-06,-8.27313613418039e-06,-3.2265141104187747e-18,-2.7067131689076424e-21,3.271689387200853e-16
0.98,8.719744427251582e-06,-8.719744427248356e-06,-3.2274968129094948e-18,-1.995349765119079e-21,2.288312211173376e-16
1.0,9.167079332677003e-06,-9.167079332673776e-06,-3.2284078241583733e-18,-1.2122951194890312e-21,1.322444232775078e-16
1.02,9.61496613164094e-06,-9.614966131637711e-06,-3.229255381648222e-18,-3.657867148289246e-22,3.804347408205561e-17
1.04,1.0063251451506813e-05,-1.0063251451503582e-05,-3.230046519547096e-18,5.37141280805544e-22,5.337651388260954e-17
1.06,1.0511800186550816e-05,-1.0511800186547585e-05,-3.2307872781256383e-18,-2.0361729773677356e-22,1.9370354660782938e-17
1.08,1.0960492941384392e-05,-1.096049294138116e-05,-3.2314828713770883e-18,7.948553453218004e-22,7.252003624039597e-17
1.1,1.1409223894787886e-05,-1.1409223894784654e-05,-3.232137822160384e-18,1.39904562025944e-22,1.2262408321205536e-17
1.12,1.1857899004369251e-05,-1.1857899004366017e-05,-3.2327560719096e-18,1.2157207073185797e-21,1.0252412395067845e-16
1.14,1.2306434489526425e-05,-1.2306434489523192e-05,-3.233341070276013e-18,-1.0633435536029775e-21,8.640549417525864e-17
1.16,1.2754755543167445e-05,-1.2754755543164213e-05,-3.233895848823857e-18,-1.6181221014468013e-21,1.2686421907267427e-16
1.18,1.320279523260969e-05,-1.3202795232606457e-05,-3.2344230819686437e-18,-4.5128935172501225e-22,3.4181349007850174e-17
1.2,1.3650493557809607e-05,-1.3650493557806373e-05,-3.2349251376435643e-18,-9.53345026645648e-22,6.983960122820821e-17
1.22,1.4097796641120503e-05,-1.409779664111726e-05,-3.2354041196241416e-18,7.038002465320114e-21,4.992271235344425e-16
1.24,1.454465602754392e-05,-1.4544656027540681e-05,-3.235861903209257e-18,3.1920870911874168e-21,2.194680358987113e-16
1.26,1.4991028078227537e-05,-1.4991028078224295e-05,-3.236300164966109e-18,6.1419571233527325e-21,4.0970886661690025e-16
1.28,1.543687344299144e-05,-1.54368734429882e-05,-3.236720408495051e-18,2.333581805393365e-21,1.5116932933416284e-16
1.3,1.5882156600103007e-05,-1.5882156600099768e-05,-3.2371239858083246e-18,1.9300044921198495e-21,1.215203036159039e-16
1.32,1.6326845453494248e-05,-1.632684545349101e-05,-3.237512116054714e-18,1.5418742457304553e-21,9.443797640654862e-17
1.34,1.6770910979222582e-05,-1.6770910979219347e-05,-3.2378859011940382e-18,-2.220042682610937e-21,1.3237460298735945e-16
1.36,1.7214326914290863e-05,-1.7214326914287627e-05,-3.23824633977798e-18,-2.5804812665527852e-21,1.499031172929881e-16
1.38,1.7657069482023556e-05,-1.7657069482020317e-05,-3.2385943387304344e-18,4.596515700100916e-22,2.6032155023123015e-17
1.4,1.809911714908913e-05,-1.8099117149085894e-05,-3.238930723576845e-18,-3.2648650654176175e-21,1.8038808404430533e-16
1.42,1.854045040999928e-05,-1.8540450409996042e-05,-3.2392562473469213e-18,-2.022570464767959e-22,1.0908960785964193e-17
1.44,1.898105159553279e-05,-1.898105159552955e-05,-3.2395715983381175e-18,2.870523751344181e-21,1.51231017780899e-16
1.46,1.9420904702047534e-05,-1.9420904702044295e-05,-3.2398774069135317e-18,-8.234166130871892e-22,4.23984683370789e-17
1.48,1.9859995239077176e-05,-1.9859995239073934e-05,-3.2401742514300875e-18,2.2678706593742064e-21,1.1419291052557102e-16
1.5,2.029831009297355e-05,-2.0298310092970312e-05,-3.240462663539808e-18,-1.4086732393636579e-21,6.939854760871365e-17
1.52,2.073583740466388e-05,-2.0735837404660636e-05,-3.240743132753025e-18,1.6989893364366136e-21,8.193492759807613e-17
1.54,2.117256645985293e-05,-2.1172566459849693e-05,-3.241016110546081e-18,-1.9621202456365032e-21,9.267276356680911e-17
1.56,2.1608487590222444e-05,-2.16084875902192e-05,-3.24128201400185e-18,1.1601080876118779e-21,5.3687611535423307e-17
1.58,2.2043592084369172e-05,-2.204359208436593e-05,-3.241541229001932e-18,9.00893087529661e-22,4.086870615649219e-17
1.6,2.2477872107385086e-05,-2.2477872107381843e-05,-3.241794113086547e-18,6.480090029146455e-22,2.882875210869016e-17
1.62,2.2911320628121897e-05,-2.2911320628118654e-05,-3.2420409980532686e-18,4.011240361930531e-22,1.7507678527299903e-17
1.64,2.3343931353301444e-05,-2.33439313532982e-05,-3.242282192178299e-18,1.5992991116273057e-22,6.851027307365359e-18
1.66,2.377569866773652e-05,-2.377569866773328e-05,-3.2425179823193187e-18,-7.58602298569555e-23,3.1906624876558253e-18
1.68,2.420661758001528e-05,-2.4206617580012037e-05,-3.2427486357143366e-18,-3.065136248748873e-22,1.266238968999707e-17
1.7,2.4636683673079693e-05,-2.463668367307645e-05,-3.2429744016508163e-18,-5.322795613546413e-22,2.160516278967607e-17
1.72,2.5065893059195105e-05,-2.5065893059191863e-05,-3.2431955129574495e-18,-7.533908679878229e-22,3.0056414355899083e-17
1.74,2.549424233886614e-05,-2.5494242338862902e-05,-3.243412187328175e-18,-4.358197027730327e-21,1.709482858836023e-16
1.76,2.5921728563304902e-05,-2.5921728563301663e-05,-3.2436246285526836e-18,-4.570638252239063e-21,1.763245935191726e-16
1.78,2.6348349200101648e-05,-2.6348349200098405e-05,-3.243833027610409e-18,-1.390905520947413e-21,5.278909545278256e-17
1.8,2.6774102101786947e-05,-2.6774102101783698e-05,-3.2440375636553123e-18,5.180822012183794e-21,1.935012420766864e-16
1.82,2.7198985477008187e-05,-2.719898547700494e-05,-3.2442384049438203e-18,1.5918489346586268e-21,5.852604083355413e-17
1.84,2.762299786407332e-05,-2.7622997864070078e-05,-3.244435709638493e-18,-1.993587549031422e-21,7.217129577468118e-17
1.86,2.804613810664092e-05,-2.804613810663767e-05,-3.2446296265649683e-18,4.588759102527763e-21,1.636146511537434e-16
1.88,2.8468405331358805e-05,-2.846840533135556e-05,-3.244820295889452e-18,1.009957989026799e-21,3.5476451078708645e-17
1.9,2.8889798927274188e-05,-2.888979892727094e-05,-3.245007849757633e-18,4.210535909863051e-21,1.4574472880418635e-16
1.92,2.9310318526856e-05,-2.931031852685276e-05,-3.2451924128545967e-18,-6.138422554152238e-21,2.0942872212486604e-16
1.94,2.9729963988486664e-05,-2.9729963988483418e-05,-3.2453741029238734e-18,4.561509546055384e-22,1.5343138484196925e-17
1.96,3.0148735380294335e-05,-3.014873538029109e-05,-3.2455530312643304e-18,2.7722261414848667e-22,9.195165589920018e-18
1.98,3.0566632965209724e-05,-3.0566632965206485e-05,-3.245729303151763e-18,-6.6753128513184595e-21,2.1838561214498682e-16
2.0,3.0983657187142675e-05,-3.0983657187139436e-05,-3.2459030182535984e-18,-6.849027953153858e-21,2.210529219254339e-16
