time_s,Vcell_V,VBL_V,Id_A,Is_A,Ib_A,charge_residual_C
0.0,2.0,1.0,,,,0.0
1e-11,1.9920644444261588,1.0015731445302563,-1.5731445302561686e-05,1.573144536958258e-05,-6.702089080809887e-14,1.792655418409412e-29
2e-11,1.984175862610918,1.0031369769826315,-1.563832452375236e-05,1.563832459053347e-05,-6.678110958672699e-14,1.0934497554319346e-29
3e-11,1.9763340292961604,1.0046915420122946,-1.5545650296630653e-05,1.554565036317547e-05,-6.654481823655638e-14,1.3922542123232432e-29
4e-11,1.968538727551211,1.0062368826235821,-1.54534061128759e-05,1.5453406179187845e-05,-6.631194801157115e-14,1.061484181044628e-29
4.9999999999999995e-11,1.9607897488846582,1.0077730401478313,-1.536157524249169e-05,1.536157530857412e-05,-6.608243148970961e-14,9.304878886027198e-30
6e-11,1.9530868933486112,1.0093000542227117,-1.5270140748803205e-05,1.527014081465941e-05,-6.585620257392979e-14,1.7625165199622209e-29
6.999999999999999e-11,1.945429969633312,1.0108179627734695,-1.5179085507576209e-05,1.5179085573209404e-05,-6.563319649339631e-14,1.7316955280609956e-29
8e-11,1.93781879514997,1.012326801996506,-1.508839223036369e-05,1.5088392295777042e-05,-6.541334980485897e-14,3.997416909104908e-29
9e-11,1.930253196099678,1.0138266063457162,-1.4998043492101963e-05,1.4998043557298567e-05,-6.519660039416007e-14,4.0838938113354517e-29
9.999999999999999e-11,1.9227330075262996,1.0153174085220045,-1.4908021762882553e-05,1.4908021827865441e-05,-6.498288747776927e-14,5.0276205429195554e-29
1.1e-10,1.915258073351312,1.0167992394663767,-1.4818309443723129e-05,1.481830950849528e-05,-6.477215160420503e-14,4.756930137012037e-29
1.2e-10,1.9078282463887326,1.018272128356982,-1.4728888906053262e-05,1.4728888970617596e-05,-6.456433465516771e-14,3.6663922237259817e-29
1.3e-10,1.9004433883384486,1.0197361026104343,-1.4639742534523475e-05,1.4639742598882858e-05,-6.435937984617794e-14,4.6181468505687154e-29
1.3999999999999998e-10,1.893103369756527,1.0211911878876987,-1.455085277264415e-05,1.4550852836801382e-05,-6.41572317264915e-14,2.845818630898952e-29
1.5e-10,1.8858080700013682,1.0226374081047656,-1.4462202170669064e-05,1.4462202234626904e-05,-6.395783617804472e-14,3.6263337010839105e-29
1.6e-10,1.8785573771549076,1.024074785448272,-1.437377343506246e-05,1.4373773498823604e-05,-6.376114041318e-14,4.61076584968781e-29
1.6999999999999998e-10,1.8713511879184268,1.025503340396155,-1.4285549478832558e-05,1.4285549542399652e-05,-6.356709297090464e-14,3.398727872721976e-29
1.8e-10,1.864189407482915,1.0269230917433534,-1.4197513471982606e-05,1.4197513535358251e-05,-6.337564371145107e-14,2.58840259185291e-29
1.9e-10,1.8570719493743035,1.028334056632486,-1.4109648891324823e-05,1.4109648954511566e-05,-6.318674380893361e-14,4.729146943349826e-29
1.9999999999999998e-10,1.8499987352742606,1.0297362505893783,-1.402193956892459e-05,1.4021939631924936e-05,-6.30003457419304e-14,2.225376854528409e-29
2.1e-10,1.8429696948175884,1.0311296875632274,-1.393436973849053e-05,1.3934369801306936e-05,-6.281640328186422e-14,2.581409055803618e-29
2.2e-10,1.8359847653675614,1.0325143799711374,-1.3846924079098886e-05,1.384692414173376e-05,-6.263487147910457e-14,3.159191060434144e-29
2.2999999999999998e-10,1.8290438917708152,1.0338903387467109,-1.375958775573395e-05,1.375958781818966e-05,-6.24557066467668e-14,6.325693290184851e-29
2.4e-10,1.8221470260935988,1.0352575733923344,-1.3672346456234758e-05,1.3672346518513626e-05,-6.227886634223845e-14,4.308023967755576e-29
2.4999999999999996e-10,1.8152941273413485,1.03661609203477,-1.3585186424356475e-05,1.3585186486460785e-05,-6.210430934651564e-14,4.438201691922788e-29
2.6e-10,1.8084851611636306,1.0379659014836475,-1.349809448877614e-05,1.3498094550708136e-05,-6.193199564148025e-14,3.9108073566715093e-29
2.7e-10,1.8017200995465237,1.0393070072924466,-1.3411058087990885e-05,1.3411058149752772e-05,-6.176188638529193e-14,4.930289809256547e-29
2.7999999999999996e-10,1.7949989204944856,1.0406394138215633,-1.3324065291166479e-05,1.3324065352760421e-05,-6.159394388610193e-14,4.614696254492802e-29
2.9e-10,1.788321607703667,1.0419631243030725,-1.3237104815090628e-05,1.323710487651876e-05,-6.142813157432229e-14,5.094214102791745e-29
3e-10,1.781688150228521,1.043278140906819,-1.315016603746521e-05,1.3150166098729625e-05,-6.126441397369839e-14,5.939199613212877e-29
3.0999999999999996e-10,1.7750985421434042,1.0445844648075022,-1.3063239006832358e-05,1.3063239067935114e-05,-6.110275667144023e-14,6.685596254620427e-29
3.2e-10,1.7685527822007017,1.0458820962524493,-1.297631444947036e-05,1.2976314510413487e-05,-6.094312628766426e-14,6.835967612863296e-29
3.3e-10,1.7620508734868183,1.047171034629811,-1.2889383773616793e-05,1.288938383440228e-05,-6.078549044438806e-14,5.860499290765014e-29
3.3999999999999996e-10,1.7555928230772089,1.048451278536949,-1.280243907137991e-05,1.2802439132009729e-05,-6.062981773430281e-14,5.722324478988991e-29
3.5e-10,1.7491786416914323,1.0497228258488178,-1.271547311868734e-05,1.271547317916342e-05,-6.047607768952748e-14,8.354108487967843e-29
3.6e-10,1.7428083433490593,1.0509856737861774,-1.2628479373596111e-05,1.2628479433920353e-05,-6.032424075052297e-14,5.56153750141189e-29
3.6999999999999996e-10,1.736481945027112,1.0522398189835027,-1.2541451973253858e-05,1.2541452033428139e-05,-6.017427823531833e-14,4.2677451125095015e-29
3.8e-10,1.7301994663195928,1.0534852575564788,-1.2454385729760053e-05,1.2454385789786218e-05,-6.00261623091741e-14,6.319320381945078e-29
3.9e-10,1.7239609290995506,1.054721985168992,-1.2367276125131966e-05,1.236727618501183e-05,-5.987986595478093e-14,8.487125267266656e-29
3.9999999999999996e-10,1.717766357184059,1.0559499970995454,-1.22801193055354e-05,1.2280119365270764e-05,-5.973536294306786e-14,4.991437758203412e-29
4.1e-10,1.7116157760024155,1.0571692883070352,-1.2192912074897043e-05,1.219291213448967e-05,-5.95926278046722e-14,5.17319586268483e-29
4.2e-10,1.7055092122678375,1.0583798534958329,-1.210565188797586e-05,1.2105651947427498e-05,-5.945163580210383e-14,8.251180511073473e-29
4.2999999999999996e-10,1.6994466936529018,1.0595816871801265,-1.2018336842936298e-05,1.201833690224866e-05,-5.931236290262075e-14,8.37143009840959e-29
4.4e-10,1.6934282484689775,1.0607747837474701,-1.1930965673436823e-05,1.193096573261161e-05,-5.91747857518202e-14,7.229693307533595e-29
4.5e-10,1.6874539053498978,1.0619591375214925,-1.1843537740224638e-05,1.184353779926352e-05,-5.903888164793936e-14,6.49901705812991e-29
4.5999999999999996e-10,1.6815236929401343,1.0631347428237135,-1.1756053022210409e-05,1.1756053081115038e-05,-5.890462851685291e-14,5.306019247889803e-29
4.699999999999999e-10,1.6756376395877544,1.064301594034412,-1.1668512106985743e-05,1.1668512165757746e-05,-5.877200488775071e-14,5.280201860760716e-29
4.8e-10,1.669795773042465,1.065459685652486,-1.1580916180740495e-05,1.1580916239381487e-05,-5.864098986947539e-14,2.9814659301336037e-29
4.9e-10,1.6639981201590675,1.0666090123542395,-1.1493267017535763e-05,1.1493267076047326e-05,-5.85115631275001e-14,5.046797549750815e-29
4.999999999999999e-10,1.658244706606669,1.0677495690510286,-1.1405566967891123e-05,1.1405567026274828e-05,-5.838370486152643e-14,2.9472531347268263e-29
