time_s,Vcell_V,dt_s,Istorage_A
0.0,2.0,0.0,
0.0006723909419553371,1.997,0.0006723909419553371,8.844854427552772e-14
0.0013462343970726673,1.9940000000000002,0.0006738434551173301,8.825788771613893e-14
0.0020215333904512484,1.9910000000000003,0.0006752989933785811,8.806765682036146e-14
0.0026982909446327573,1.9880000000000004,0.0006767575541815091,8.78778517247992e-14
0.0033765100795691005,1.9850000000000005,0.0006782191349363432,8.768847255479218e-14
0.0040561938125955625,1.9820000000000007,0.0006796837330264618,8.749951942381565e-14
0.004737345158409187,1.9790000000000008,0.0006811513458136245,8.731099243291087e-14
0.005419967129052286,1.9760000000000009,0.0006826219706430985,8.712289167014625e-14
0.00610406273390095,1.973000000000001,0.0006840956048486643,8.69352172101103e-14
0.006789634979658463,1.970000000000001,0.0006855722457575126,8.67479691134342e-14
0.0074766868703534765,1.9670000000000012,0.000687051890695014,8.656114742634536e-14
0.008165221407342847,1.9640000000000013,0.0006885345369893716,8.63747521802504e-14
0.008855241589318996,1.9610000000000014,0.0006900201819761494,8.618878339134735e-14
0.009546750412321671,1.9580000000000015,0.0006915088230026752,8.600324106026677e-14
0.010239750869753988,1.9550000000000016,0.0006930004574323161,8.581812517174121e-14
0.010934245952402622,1.9520000000000017,0.0006944950826486351,8.56334356943014e-14
0.011630238648462032,1.9490000000000018,0.00069599269605941,8.544917258000059e-14
0.01232773194356257,1.946000000000002,0.0006974932951005376,8.526533576416394e-14
0.013026728820802379,1.943000000000002,0.0006989968772398083,8.508192516516362e-14
0.013727232260782934,1.9400000000000022,0.0007005034399805554,8.489894068421885e-14
0.01442924524164776,1.9370000000000023,0.0007020129808648254,8.471638220526286e-14
0.015132770739125693,1.9340000000000024,0.0007035254974779334,8.45342495946507e-14
0.015837811726577257,1.9310000000000025,0.0007050409874515621,8.435254270105293e-14
0.016544371175040373,1.9280000000000026,0.0007065594484631158,8.417126135580227e-14
0.01725245205328524,1.9250000000000027,0.0007080808782448638,8.39904053720742e-14
0.01796205732786972,1.9220000000000028,0.0007096052745844817,8.380997454510891e-14
0.01867318996319351,1.919000000000003,0.0007111326353237882,8.362996865264386e-14
0.019385852921565534,1.916000000000003,0.0007126629583720238,8.345038745363681e-14
0.020100049163256625,1.9130000000000031,0.0007141962416910907,8.32712306902949e-14
0.02081578164657355,1.9100000000000033,0.0007157324833169235,8.309249808586158e-14
0.021533053327925832,1.9070000000000034,0.000717271681352283,8.291418934576781e-14
0.022251867161892397,1.9040000000000035,0.0007188138339665658,8.273630415795065e-14
0.02297222610129662,1.9010000000000036,0.0007203589394042224,8.255884219218148e-14
0.02369413309728113,1.8980000000000037,0.0007219069959845131,8.238180310040418e-14
0.02441759109938477,1.8950000000000038,0.0007234580021036402,8.220518651679888e-14
0.025142603055617177,1.892000000000004,0.0007250119562324067,8.202899205835488e-14
0.02586917191254476,1.889000000000004,0.0007265688569275828,8.185321932388852e-14
0.026597300615368868,1.8860000000000041,0.0007281287028241102,8.16778678952404e-14
0.027326992108012448,1.8830000000000042,0.0007296914926435799,8.150293733662825e-14
0.02805824933320441,1.8800000000000043,0.0007312572251919599,8.13284271952166e-14
0.02879107523256569,1.8770000000000044,0.0007328258993612827,8.115433700123741e-14
0.029525472746699078,1.8740000000000046,0.0007343975141333877,8.098066626788527e-14
0.030261444815278662,1.8710000000000047,0.0007359720685795831,8.080741449166765e-14
0.030998994377142264,1.8680000000000048,0.0007375495618635996,8.063458115239043e-14
0.03173812437038094,1.8650000000000049,0.0007391299932386781,8.046216571378652e-14
0.03247883773243738,1.862000000000005,0.0007407133620564388,8.029016762285563e-14
0.03322113740019656,1.859000000000005,0.0007422996677591862,8.011858631101271e-14
0.03396502631008504,1.8560000000000052,0.0007438889098884812,7.994742119346296e-14
0.034710507398166356,1.8530000000000053,0.0007454810880813092,7.977667166992417e-14
0.03545758360023816,1.8500000000000054,0.0007470762020718055,7.960633712474253e-14
0.03620625785193482,1.8470000000000055,0.0007486742516966636,7.943641692661869e-14
0.03695653308882538,1.8440000000000056,0.0007502752368905608,7.926691042939931e-14
0.03770841224651434,1.8410000000000057,0.0007518791576889607,7.909781697207645e-14
0.038461898260742436,1.8380000000000059,0.0007534860142280961,7.892913587908614e-14
0.03921699406749177,1.835000000000006,0.000755095806749329,7.876086646014641e-14
0.03997370260308821,1.832000000000006,0.0007567085355964458,7.859300801083729e-14
0.04073202680430431,1.8290000000000062,0.000758324201216096,7.842555981284445e-14
0.04149196960846502,1.8260000000000063,0.00075994280416071,7.825852113394509e-14
0.04225353395355288,1.8230000000000064,0.0007615643450878595,7.809189122836273e-14
0.04301672277831399,1.8200000000000065,0.0007631888247611146,7.792566933696353e-14
0.043781539022364625,1.8170000000000066,0.0007648162440506349,7.775985468747845e-14
0.04454798562629835,1.8140000000000067,0.0007664466039337232,7.75944464947269e-14
0.045316065531793716,1.8110000000000068,0.0007680799054953613,7.742944396084009e-14
0.04608578168172243,1.808000000000007,0.0007697161499287087,7.726484627548575e-14
0.04685713702025801,1.805000000000007,0.0007713553385355813,7.710065261609268e-14
0.047630134492984914,1.8020000000000072,0.000772997472726902,7.693686214807552e-14
0.04840477704700804,1.7990000000000073,0.0007746425540231279,7.677347402505958e-14
0.04918106763106269,1.7960000000000074,0.0007762905840546525,7.661048738910566e-14
0.049959009195624876,1.7930000000000075,0.0007779415645621866,7.644790137093439e-14
0.050738604693021994,1.7900000000000076,0.0007795954973971177,7.628571509015016e-14
0.051519857077543835,1.7870000000000077,0.0007812523845218439,7.612392765546507e-14
0.05230276930555385,1.7840000000000078,0.0007829122280100164,7.596253816492894e-14
0.05308734433560108,1.781000000000008,0.0007845750300472288,7.580154570611354e-14
0.05387358512853168,1.778000000000008,0.0007862407929305945,7.564094935640197e-14
0.05466149464760095,1.7750000000000081,0.0007879095190692686,7.548074818318317e-14
0.05545107585858614,1.7720000000000082,0.0007895812109851951,7.532094124402303e-14
0.05624233172989927,1.7690000000000083,0.0007912558713131317,7.516152758690238e-14
0.057035265232699,1.7660000000000085,0.0007929335027997308,7.500250625054131e-14
0.05782987934100462,1.7630000000000086,0.0007946141083056238,7.484387626443496e-14
0.05862617703180865,1.7600000000000087,0.0007962976908040293,7.468563664921719e-14
0.05942416128518982,1.7570000000000088,0.0007979842533811724,7.452778641684861e-14
0.060223835084427774,1.7540000000000089,0.0007996737992379554,7.437032457068611e-14
0.061025201416115324,1.751000000000009,0.0008013663316875506,7.421325010593072e-14
0.06182826327027237,1.748000000000009,0.0008030618541570458,7.405656200969316e-14
0.0626330236404601,1.7450000000000092,0.0008047603701877269,7.390025926118524e-14
0.06343948552389421,1.7420000000000093,0.0008064618834341188,7.374434083202246e-14
0.064,1.739919310388098,0.0005605144761057917,7.358880568633853e-14
