time_s,Vcell_V,read_margin_V,dt_s,Istorage_A
0.064,0.10476803027778235,0.11295570989831016,0.0,
0.0700680137347624,0.10776803027778235,,0.006068013734762405,-9.532907311763926e-15
0.07669287524808266,0.11076803027778236,0.11211280877322793,0.006624861513320251,-8.73162591907665e-15
0.08392772867215931,0.11376803027778236,,0.007234853424076647,-7.995436688115498e-15
0.09183118406957576,0.11676803027778236,0.11127075980700374,0.007903455397416445,-7.319053450837419e-15
0.09983118406957575,0.11954684603923652,,0.008,-6.697618979546779e-15
0.10783118406957576,0.12210556534505837,0.11052240237429534,0.008,-6.167133216862594e-15
0.11583118406957577,0.12447634290007567,0.11019022226284592,0.008,-5.714148080280861e-15
0.12383118406957577,0.12668469854172443,0.10988092107063496,0.008,-5.322671932505512e-15
0.128,0.12776157609959904,0.10973013663819542,0.00416881593042423,-4.980859340550902e-15
